,suite_name,suite_id,exp_name,run,rep,host_type,host_idx,factor_columns,source_file,cmd,cpsnark,model,num_verifier_reps,pc_type,$CMD$.small,Prover time,Verifier time,Proof size,$CMD$.medium,$CMD$.large
0,poly-ipa,1725483589,exp_poly_ipa_small,1,0,small,0,['model'],output.csv,/home/ubuntu/doe-suite/osiris_nku/poly-ipa/code/src/bin/test.zsh resnet18 ipa poly 5 /home/ubuntu/doe-suite/osiris_nku/poly-ipa/code,poly,resnet18,5,ipa,[{'main': '/home/ubuntu/doe-suite/osiris_nku/poly-ipa/code/src/bin/test.zsh resnet18 ipa poly 5 /home/ubuntu/doe-suite/osiris_nku/poly-ipa/code'}],98.349172355s,"[380.750568ms, 372.774431ms, 372.232369ms, 371.830775ms, 371.626323ms]",17664,,
1,poly-ipa,1725483589,exp_poly_ipa_small,0,0,small,0,['model'],output.csv,/home/ubuntu/doe-suite/osiris_nku/poly-ipa/code/src/bin/test.zsh mnist ipa poly 5 /home/ubuntu/doe-suite/osiris_nku/poly-ipa/code,poly,mnist,5,ipa,[{'main': '/home/ubuntu/doe-suite/osiris_nku/poly-ipa/code/src/bin/test.zsh mnist ipa poly 5 /home/ubuntu/doe-suite/osiris_nku/poly-ipa/code'}],5.809832252s,"[37.554643ms, 37.104311ms, 37.107042ms, 36.941603ms, 37.077349ms]",12000,,
2,poly-ipa,1725483589,exp_poly_ipa_small,2,0,small,0,['model'],output.csv,/home/ubuntu/doe-suite/osiris_nku/poly-ipa/code/src/bin/test.zsh dlrm ipa poly 5 /home/ubuntu/doe-suite/osiris_nku/poly-ipa/code,poly,dlrm,5,ipa,[{'main': '/home/ubuntu/doe-suite/osiris_nku/poly-ipa/code/src/bin/test.zsh dlrm ipa poly 5 /home/ubuntu/doe-suite/osiris_nku/poly-ipa/code'}],56.69186027s,"[343.883491ms, 343.405924ms, 343.010625ms, 342.894939ms, 342.926401ms]",8672,,
0,poly-ipa,1725483589,exp_poly_ipa_mobilenet,0,0,medium,0,[],output.csv,/home/ubuntu/doe-suite/osiris_nku/poly-ipa/code/src/bin/test.zsh mobilenet ipa poly 5 /home/ubuntu/doe-suite/osiris_nku/poly-ipa/code,poly,mobilenet,5,ipa,,1606.736370482s,"[3.681064499s, 3.664668565s, 3.670877038s, 3.663124285s, 3.668998048s]",21408,[{'main': '/home/ubuntu/doe-suite/osiris_nku/poly-ipa/code/src/bin/test.zsh mobilenet ipa poly 5 /home/ubuntu/doe-suite/osiris_nku/poly-ipa/code'}],
0,poly-ipa,1725483589,exp_poly_ipa_vgg,0,0,large,0,[],output.csv,/home/ubuntu/doe-suite/osiris_nku/poly-ipa/code/src/bin/test.zsh vgg ipa poly 5 /home/ubuntu/doe-suite/osiris_nku/poly-ipa/code,poly,vgg,5,ipa,,745.347805093s,"[1.135460403s, 1.040067244s, 1.032822277s, 1.018560366s, 1.016245554s]",19968,,[{'main': '/home/ubuntu/doe-suite/osiris_nku/poly-ipa/code/src/bin/test.zsh vgg ipa poly 5 /home/ubuntu/doe-suite/osiris_nku/poly-ipa/code'}]
0,poly-ipa,1725483589,exp_poly_ipa_diffusion,0,0,large,0,[],output.csv,/home/ubuntu/doe-suite/osiris_nku/poly-ipa/code/src/bin/test.zsh diffusion ipa poly 5 /home/ubuntu/doe-suite/osiris_nku/poly-ipa/code,poly,diffusion,5,ipa,,6127.776357804s,"[5.932462881s, 5.673616071s, 6.075909876s, 6.112000632s, 5.658704332s]",36416,,[{'main': '/home/ubuntu/doe-suite/osiris_nku/poly-ipa/code/src/bin/test.zsh diffusion ipa poly 5 /home/ubuntu/doe-suite/osiris_nku/poly-ipa/code'}]
