,suite_name,suite_id,exp_name,run,rep,host_type,host_idx,factor_columns,source_file,cmd,cpsnark,model,num_verifier_reps,pc_type,$CMD$.large,Prover time,Verifier time,Proof size
0,model-diffusion,1725448679,exp_kzg_no_com,0,0,large,0,[],output.csv,/home/ubuntu/doe-suite/osiris_nku/model-diffusion/code/src/bin/test.zsh diffusion kzg no_com 5 /home/ubuntu/doe-suite/osiris_nku/model-diffusion/code,no_com,diffusion,5,kzg,[{'main': '/home/ubuntu/doe-suite/osiris_nku/model-diffusion/code/src/bin/test.zsh diffusion kzg no_com 5 /home/ubuntu/doe-suite/osiris_nku/model-diffusion/code'}],5750.414414587s,"[87.236487ms, 83.063168ms, 83.183176ms, 83.418422ms, 83.322792ms]",32352
0,model-diffusion,1725448679,exp_kzg_cp_link_plus,0,0,large,0,[],output.csv,/home/ubuntu/doe-suite/osiris_nku/model-diffusion/code/src/bin/test.zsh diffusion kzg cp_link+ 5 /home/ubuntu/doe-suite/osiris_nku/model-diffusion/code,cp_link+,diffusion,5,kzg,[{'main': '/home/ubuntu/doe-suite/osiris_nku/model-diffusion/code/src/bin/test.zsh diffusion kzg cp_link+ 5 /home/ubuntu/doe-suite/osiris_nku/model-diffusion/code'}],6039.231745053s,"[105.220145ms, 103.334902ms, 101.771053ms, 101.896243ms, 100.284695ms]",32544
0,model-diffusion,1725448679,exp_kzg_poly,0,0,large,0,[],output.csv,/home/ubuntu/doe-suite/osiris_nku/model-diffusion/code/src/bin/test.zsh diffusion kzg poly 5 /home/ubuntu/doe-suite/osiris_nku/model-diffusion/code,poly,diffusion,5,kzg,[{'main': '/home/ubuntu/doe-suite/osiris_nku/model-diffusion/code/src/bin/test.zsh diffusion kzg poly 5 /home/ubuntu/doe-suite/osiris_nku/model-diffusion/code'}],5896.080162711s,"[91.275778ms, 83.611422ms, 85.822197ms, 84.12131ms, 85.82477ms]",32960
0,model-diffusion,1725448679,exp_ipa_no_com,0,0,large,0,[],output.csv,/home/ubuntu/doe-suite/osiris_nku/model-diffusion/code/src/bin/test.zsh diffusion ipa no_com 5 /home/ubuntu/doe-suite/osiris_nku/model-diffusion/code,no_com,diffusion,5,ipa,[{'main': '/home/ubuntu/doe-suite/osiris_nku/model-diffusion/code/src/bin/test.zsh diffusion ipa no_com 5 /home/ubuntu/doe-suite/osiris_nku/model-diffusion/code'}],5816.807676561s,"[5.513591044s, 5.870011287s, 5.817864647s, 5.986643682s, 5.785440418s]",34112
0,model-diffusion,1725448679,exp_ipa_poly,0,0,large,0,[],output.csv,/home/ubuntu/doe-suite/osiris_nku/model-diffusion/code/src/bin/test.zsh diffusion ipa poly 5 /home/ubuntu/doe-suite/osiris_nku/model-diffusion/code,poly,diffusion,5,ipa,[{'main': '/home/ubuntu/doe-suite/osiris_nku/model-diffusion/code/src/bin/test.zsh diffusion ipa poly 5 /home/ubuntu/doe-suite/osiris_nku/model-diffusion/code'}],6338.011268177s,"[5.287661906s, 4.851746246s, 4.930912443s, 4.87489851s, 4.934461844s]",36480
