,suite_name,suite_id,exp_name,run,rep,host_type,host_idx,factor_columns,source_file,cmd,cpsnark,model,num_verifier_reps,pc_type,$CMD$.large,Prover time,Verifier time,Proof size
0,model-vgg,1725388515,exp_kzg_vgg_others,1,0,large,0,['cpsnark'],output.csv,/home/ubuntu/doe-suite/osiris_nku/model-vgg/code/src/bin/test.zsh vgg kzg poly 5 /home/ubuntu/doe-suite/osiris_nku/model-vgg/code,poly,vgg,5,kzg,[{'main': '/home/ubuntu/doe-suite/osiris_nku/model-vgg/code/src/bin/test.zsh vgg kzg poly 5 /home/ubuntu/doe-suite/osiris_nku/model-vgg/code'}],665.215431428s,"[15.831495ms, 13.245431ms, 13.201778ms, 12.590126ms, 13.163085ms]",16704
1,model-vgg,1725388515,exp_kzg_vgg_others,0,0,large,0,['cpsnark'],output.csv,/home/ubuntu/doe-suite/osiris_nku/model-vgg/code/src/bin/test.zsh vgg kzg no_com 5 /home/ubuntu/doe-suite/osiris_nku/model-vgg/code,no_com,vgg,5,kzg,[{'main': '/home/ubuntu/doe-suite/osiris_nku/model-vgg/code/src/bin/test.zsh vgg kzg no_com 5 /home/ubuntu/doe-suite/osiris_nku/model-vgg/code'}],605.267291216s,"[11.759202ms, 12.685789ms, 11.78698ms, 12.625316ms, 10.886899ms]",15776
2,model-vgg,1725388515,exp_kzg_vgg_others,2,0,large,0,['cpsnark'],output.csv,/home/ubuntu/doe-suite/osiris_nku/model-vgg/code/src/bin/test.zsh vgg kzg cp_link+ 5 /home/ubuntu/doe-suite/osiris_nku/model-vgg/code,cp_link+,vgg,5,kzg,[{'main': '/home/ubuntu/doe-suite/osiris_nku/model-vgg/code/src/bin/test.zsh vgg kzg cp_link+ 5 /home/ubuntu/doe-suite/osiris_nku/model-vgg/code'}],624.417130068s,"[48.301335ms, 46.428284ms, 48.77865ms, 47.842897ms, 48.511859ms]",16288
0,model-vgg,1725388515,exp_ipa_vgg_others,1,0,large,0,['cpsnark'],output.csv,/home/ubuntu/doe-suite/osiris_nku/model-vgg/code/src/bin/test.zsh vgg ipa poly 5 /home/ubuntu/doe-suite/osiris_nku/model-vgg/code,poly,vgg,5,ipa,[{'main': '/home/ubuntu/doe-suite/osiris_nku/model-vgg/code/src/bin/test.zsh vgg ipa poly 5 /home/ubuntu/doe-suite/osiris_nku/model-vgg/code'}],854.19860133s,"[31.090742333s, 30.842331919s, 30.830101965s, 30.893345527s, 30.840990162s]",18272
1,model-vgg,1725388515,exp_ipa_vgg_others,0,0,large,0,['cpsnark'],output.csv,/home/ubuntu/doe-suite/osiris_nku/model-vgg/code/src/bin/test.zsh vgg ipa no_com 5 /home/ubuntu/doe-suite/osiris_nku/model-vgg/code,no_com,vgg,5,ipa,[{'main': '/home/ubuntu/doe-suite/osiris_nku/model-vgg/code/src/bin/test.zsh vgg ipa no_com 5 /home/ubuntu/doe-suite/osiris_nku/model-vgg/code'}],616.857348966s,"[982.140543ms, 838.584608ms, 842.73535ms, 840.524292ms, 842.011519ms]",17408
