,suite_name,suite_id,exp_name,run,rep,host_type,host_idx,factor_columns,source_file,cmd,cpsnark,model,num_verifier_reps,pc_type,$CMD$.small,Prover time,Verifier time,Proof size,$CMD$.medium,$CMD$.large,file,error
0,cplink,1725423229,exp_kzg,1,0,small,0,"['model', 'cpsnark']",output.csv,/home/ubuntu/doe-suite/osiris_nku/cplink/code/src/bin/test.zsh resnet18 kzg cp_link 5 /home/ubuntu/doe-suite/osiris_nku/cplink/code,cp_link,resnet18,5,kzg,[{'main': '/home/ubuntu/doe-suite/osiris_nku/cplink/code/src/bin/test.zsh resnet18 kzg cp_link 5 /home/ubuntu/doe-suite/osiris_nku/cplink/code'}],290.331166347s,"[132.325987ms, 132.092038ms, 131.450319ms, 132.095828ms, 131.424085ms]",14432,,,,
1,cplink,1725423229,exp_kzg,0,0,small,0,"['model', 'cpsnark']",output.csv,/home/ubuntu/doe-suite/osiris_nku/cplink/code/src/bin/test.zsh mnist kzg cp_link 5 /home/ubuntu/doe-suite/osiris_nku/cplink/code,cp_link,mnist,5,kzg,[{'main': '/home/ubuntu/doe-suite/osiris_nku/cplink/code/src/bin/test.zsh mnist kzg cp_link 5 /home/ubuntu/doe-suite/osiris_nku/cplink/code'}],37.493517555s,"[64.151156ms, 63.957985ms, 64.131341ms, 63.549663ms, 63.8112ms]",9280,,,,
2,cplink,1725423229,exp_kzg,2,0,small,0,"['model', 'cpsnark']",output.csv,/home/ubuntu/doe-suite/osiris_nku/cplink/code/src/bin/test.zsh dlrm kzg cp_link 5 /home/ubuntu/doe-suite/osiris_nku/cplink/code,cp_link,dlrm,5,kzg,[{'main': '/home/ubuntu/doe-suite/osiris_nku/cplink/code/src/bin/test.zsh dlrm kzg cp_link 5 /home/ubuntu/doe-suite/osiris_nku/cplink/code'}],182.460153548s,"[149.725913ms, 149.641334ms, 149.567285ms, 149.401456ms, 149.459166ms]",3808,,,,
0,cplink,1725423229,exp_kzg_mobilenet_others,0,0,medium,0,['cpsnark'],output.csv,/home/ubuntu/doe-suite/osiris_nku/cplink/code/src/bin/test.zsh mobilenet kzg cp_link 5 /home/ubuntu/doe-suite/osiris_nku/cplink/code,cp_link,mobilenet,5,kzg,,8072.193707495s,"[2.990556075s, 2.989941842s, 2.989773613s, 2.990114212s, 2.989869549s]",17664,[{'main': '/home/ubuntu/doe-suite/osiris_nku/cplink/code/src/bin/test.zsh mobilenet kzg cp_link 5 /home/ubuntu/doe-suite/osiris_nku/cplink/code'}],,,
0,cplink,1725423229,exp_kzg_vgg_others,0,0,large,0,['cpsnark'],output.csv,/home/ubuntu/doe-suite/osiris_nku/cplink/code/src/bin/test.zsh vgg kzg cp_link 5 /home/ubuntu/doe-suite/osiris_nku/cplink/code,cp_link,vgg,5,kzg,,4561.018073829s,"[3.024037045s, 3.021772034s, 3.022052536s, 3.020209787s, 3.020815134s]",10624,,[{'main': '/home/ubuntu/doe-suite/osiris_nku/cplink/code/src/bin/test.zsh vgg kzg cp_link 5 /home/ubuntu/doe-suite/osiris_nku/cplink/code'}],,
0,cplink,1725423229,exp_kzg_gpt2_cp_link,0,0,large,0,[],stderr.log,/home/ubuntu/doe-suite/osiris_nku/cplink/code/src/bin/test.zsh gpt2 kzg cp_link 5 /home/ubuntu/doe-suite/osiris_nku/cplink/code,cp_link,gpt2,5,kzg,,,,,,[{'main': '/home/ubuntu/doe-suite/osiris_nku/cplink/code/src/bin/test.zsh gpt2 kzg cp_link 5 /home/ubuntu/doe-suite/osiris_nku/cplink/code'}],/home/kuenico/dev/halo2test/doe-suite-results/cplink_1725423229/exp_kzg_gpt2_cp_link/run_0/rep_0/large/host_0/stderr.log,missing expected file: output.csv
0,cplink,1725423229,exp_kzg_diffusion_cp_link,0,0,large,0,[],output.csv,/home/ubuntu/doe-suite/osiris_nku/cplink/code/src/bin/test.zsh diffusion kzg cp_link 5 /home/ubuntu/doe-suite/osiris_nku/cplink/code,cp_link,diffusion,5,kzg,,18413.075954764s,"[9.819481287s, 9.815798481s, 9.815709619s, 9.815392246s, 9.81669372s]",16288,,[{'main': '/home/ubuntu/doe-suite/osiris_nku/cplink/code/src/bin/test.zsh diffusion kzg cp_link 5 /home/ubuntu/doe-suite/osiris_nku/cplink/code'}],,
